Non-English Language (Language isolation) for Idaho by County,,,,
"All Races (includes Hispanic/Latino), Both Sexes, Ages 14+, 2019-2023",,,,
Sorted by Value,,,,
,,,,
County,FIPS,Value (Percent),Households (language Isolation),Rank within US (of 3142 counties)
Clark County,16033,23.4,59,"3,133"
Jerome County,16053,9.1,744,"3,058"
Power County,16077,7.8,212,"3,028"
Owyhee County,16073,7.6,321,"3,017"
Cassia County,16031,6.2,510,"2,955"
Gooding County,16047,6.2,344,"2,955"
Washington County,16087,5.6,230,"2,929"
Minidoka County,16067,4.9,381,"2,882"
Blaine County,16013,4,391,"2,816"
Canyon County,16027,3.3,2750,"2,723"
Lincoln County,16063,3.2,58,"2,705"
Butte County,16023,3,31,"2,663"
Twin Falls County,16083,2.8,948,"2,612"
Fremont County,16043,2.5,112,"2,527"
Elmore County,16039,2.2,243,"2,431"
Teton County,16081,2.2,101,"2,431"
Bingham County,16011,1.8,293,"2,273"
Payette County,16075,1.7,159,"2,224"
Ada County,16001,1.4,2845,"2,039"
Bear Lake County,16007,1.3,30,"1,973"
Bonneville County,16019,1.3,548,"1,973"
Franklin County,16041,1.1,56,"1,826"
Bannock County,16005,0.8,273,"1,517"
Benewah County,16009,0.8,32,"1,517"
Clearwater County,16035,0.8,29,"1,517"
Jefferson County,16051,0.8,83,"1,517"
Lewis County,16061,0.8,13,"1,517"
Nez Perce County,16069,0.8,146,"1,517"
Shoshone County,16079,0.8,47,"1,517"
Camas County,16025,0.6,2,"1,243"
Idaho County,16049,0.6,39,"1,243"
Madison County,16065,0.6,74,"1,243"
Lemhi County,16059,0.5,16,"1,080"
Gem County,16045,0.4,27,929
Bonner County,16017,0.3,52,745
Kootenai County,16055,0.3,213,745
Latah County,16057,0.3,51,745
Caribou County,16029,0.2,4,572
Oneida County,16071,0.2,4,572
Adams County,16003,0,0,1
Boise County,16015,0,0,1
Boundary County,16021,0,0,1
Custer County,16037,0,0,1
Valley County,16085,0,0,1
